{"cameraMode":{"drawMode":0,"name":"Shaded","section":"Shading Mode"},"sceneLighting":false,"audioPlay":false,"sceneViewState":{"showFog":true,"showMaterialUpdate":false,"showSkybox":true,"showFlares":true,"showImageEffects":true,"showParticleSystems":true},"in2DMode":false,"pivot":{"x":2.869999885559082,"y":0.2799999713897705,"z":5.349999904632568},"rotation":{"x":-0.17725180089473725,"y":0.6057159304618836,"z":-0.14074291288852693,"w":-0.7628245949745178},"size":4.142444133758545,"orthographic":false}