{"cameraMode":{"drawMode":0,"name":"Shaded","section":"Shading Mode"},"sceneLighting":false,"audioPlay":false,"sceneViewState":{"showFog":true,"showMaterialUpdate":false,"showSkybox":true,"showFlares":true,"showImageEffects":true,"showParticleSystems":true},"in2DMode":false,"pivot":{"x":2.869999885559082,"y":0.2799999713897705,"z":5.349999904632568},"rotation":{"x":-0.08262167125940323,"y":0.9088068008422852,"z":-0.3470766544342041,"w":-0.21633955836296082},"size":3.988624334335327,"orthographic":false}