{"cameraMode":{"drawMode":0,"name":"Shaded","section":"Shading Mode"},"sceneLighting":false,"audioPlay":false,"sceneViewState":{"showFog":true,"showMaterialUpdate":false,"showSkybox":true,"showFlares":true,"showImageEffects":true,"showParticleSystems":true},"in2DMode":false,"pivot":{"x":2.869999885559082,"y":0.2799999713897705,"z":5.349999904632568},"rotation":{"x":-0.14002996683120728,"y":-0.10612864047288895,"z":0.015103409066796303,"w":-0.9843435287475586},"size":11.040450096130371,"orthographic":false}