{"cameraMode":{"drawMode":0,"name":"Shaded","section":"Shading Mode"},"sceneLighting":false,"audioPlay":false,"sceneViewState":{"showFog":true,"showMaterialUpdate":false,"showSkybox":true,"showFlares":true,"showImageEffects":true,"showParticleSystems":true},"in2DMode":false,"pivot":{"x":2.869999885559082,"y":0.2799999713897705,"z":5.349999904632568},"rotation":{"x":-0.2740046977996826,"y":0.5061583518981934,"z":-0.1735464334487915,"w":-0.7991475462913513},"size":10.17173957824707,"orthographic":false}